review,sentiment
Poor infrastructure with broken chairs and non-functional air conditioning in classrooms. The labs have old equipment that doesn't work properly.,negative
There is no career counseling or guidance provided by the college.,negative
"Administration is very unresponsive, and any issues raised by students take months to get resolved. They hardly care about student welfare.",negative
"There are no extracurricular activities, and the college only focuses on theoretical learning without any practical knowledge.",negative
"The Wi-Fi never works properly, making it hard to access study materials online.",negative
"Sports facilities are not maintained, and the playground is always in poor condition.",negative
"Placement opportunities are very low, and most companies that come for recruitment offer extremely low salary packages.",negative
No extracurricular activities provided.,negative
No extracurricular activities provided.,negative
Faculty behavior is very rude.,negative
Poor infrastructure with broken chairs and non-functional air conditioning in classrooms. The labs have old equipment that doesn't work properly.,negative
Hostel facilities are terrible.,negative
There is no career counseling or guidance provided by the college.,negative
Management doesn't care about student feedback.,negative
Faculty members don't bother explaining concepts in detail and just rush through the syllabus.,negative
Faculty behavior is very rude.,negative
"No practical projects are assigned to students, making it hard to gain hands-on experience.",negative
"Placement opportunities are very low, and most companies that come for recruitment offer extremely low salary packages.",negative
"The canteen food is unhygienic, and there are barely any options for healthy meals.",negative
Poor infrastructure with broken chairs and non-functional air conditioning in classrooms. The labs have old equipment that doesn't work properly.,negative
Hostel facilities are terrible.,negative
Internship opportunities are not provided.,negative
Teaching methods are outdated.,negative
"No practical projects are assigned to students, making it hard to gain hands-on experience.",negative
Internship opportunities are not provided.,negative
Lack of proper transportation facilities.,negative
"There are no extracurricular activities, and the college only focuses on theoretical learning without any practical knowledge.",negative
"Sports facilities are not maintained, and the playground is always in poor condition.",negative
Faculty behavior is very rude.,negative
"The Wi-Fi never works properly, making it hard to access study materials online.",negative
Sports facilities are not maintained.,negative
Placement opportunities are very low.,negative
Lack of proper transportation facilities.,negative
"The transportation facilities are inadequate, with buses arriving late and no proper timetable.",negative
"There are no extracurricular activities, and the college only focuses on theoretical learning without any practical knowledge.",negative
The faculty is not supportive at all.,negative
There is no career counseling or guidance provided by the college.,negative
"Library resources are outdated, with many important reference books missing.",negative
Lack of proper transportation facilities.,negative
"Many classes get canceled without prior notice, affecting the overall learning experience.",negative
The fees are too high compared to the quality of education and facilities provided by the college.,negative
"Library resources are outdated, with many important reference books missing.",negative
Faculty behavior is very rude.,negative
Faculty behavior is very rude.,negative
Campus environment is not safe.,negative
Fees are too high for the quality of education.,negative
"The transportation facilities are inadequate, with buses arriving late and no proper timetable.",negative
"Sports facilities are not maintained, and the playground is always in poor condition.",negative
Faculty members don't bother explaining concepts in detail and just rush through the syllabus.,negative
"Administration is very unresponsive, and any issues raised by students take months to get resolved. They hardly care about student welfare.",negative
No practical exposure is given.,negative
No extracurricular activities provided.,negative
Faculty members don't bother explaining concepts in detail and just rush through the syllabus.,negative
Management doesn't care about student feedback.,negative
"Internship opportunities are only given to students with connections, not based on merit.",negative
"The management is highly disorganized, with frequent changes in class schedules and exam dates.",negative
Hostel facilities are terrible.,negative
"The faculty is not supportive at all, and they rarely respond to student queries. The syllabus is outdated and lacks practical exposure.",negative
"Too much pressure on theory, no practical learning.",negative
Hostel facilities are terrible.,negative
The college rarely organizes any cultural or technical events.,negative
The faculty is not supportive at all.,negative
There is no career counseling or guidance provided by the college.,negative
"The campus environment feels unsafe, especially at night, due to poor security arrangements.",negative
"Administration is very unresponsive, and any issues raised by students take months to get resolved. They hardly care about student welfare.",negative
"The canteen food is unhygienic, and there are barely any options for healthy meals.",negative
Fees are too high for the quality of education.,negative
Poor infrastructure and outdated labs.,negative
Placement opportunities are very low.,negative
Campus environment is not safe.,negative
No practical exposure is given.,negative
The faculty is not supportive at all.,negative
Management doesn't care about student feedback.,negative
Teaching methods are outdated.,negative
"Many classes get canceled without prior notice, affecting the overall learning experience.",negative
Poor infrastructure and outdated labs.,negative
"There are no extracurricular activities, and the college only focuses on theoretical learning without any practical knowledge.",negative
Faculty members don't bother explaining concepts in detail and just rush through the syllabus.,negative
"Too much pressure on theory, no practical learning.",negative
"Administration is very unresponsive, and any issues raised by students take months to get resolved. They hardly care about student welfare.",negative
Sports facilities are not maintained.,negative
"Library resources are outdated, with many important reference books missing.",negative
"The transportation facilities are inadequate, with buses arriving late and no proper timetable.",negative
Management doesn't care about student feedback.,negative
Poor infrastructure and outdated labs.,negative
Hostel facilities are terrible.,negative
Exams are not conducted properly.,negative
"Sports facilities are not maintained, and the playground is always in poor condition.",negative
"The canteen food is unhygienic, and there are barely any options for healthy meals.",negative
Fees are too high for the quality of education.,negative
Poor infrastructure and outdated labs.,negative
Placement opportunities are very low.,negative
"The canteen food is unhygienic, and there are barely any options for healthy meals.",negative
Administration is very unresponsive.,negative
Poor infrastructure and outdated labs.,negative
Lack of proper transportation facilities.,negative
No extracurricular activities provided.,negative
The faculty is not supportive at all.,negative
Teaching methods are outdated.,negative
"The canteen food is unhygienic, and there are barely any options for healthy meals.",negative
Poor infrastructure and outdated labs.,negative
"The canteen food is unhygienic, and there are barely any options for healthy meals.",negative
"Internship opportunities are only given to students with connections, not based on merit.",negative
There is no career counseling or guidance provided by the college.,negative
Teaching methods are outdated.,negative
The college rarely organizes any cultural or technical events.,negative
Hostel facilities are terrible.,negative
"The canteen food is unhygienic, and there are barely any options for healthy meals.",negative
Sports facilities are not maintained.,negative
"The faculty is not supportive at all, and they rarely respond to student queries. The syllabus is outdated and lacks practical exposure.",negative
Faculty members don't bother explaining concepts in detail and just rush through the syllabus.,negative
Canteen food is unhygienic.,negative
The college rarely organizes any cultural or technical events.,negative
"No practical projects are assigned to students, making it hard to gain hands-on experience.",negative
"Many classes get canceled without prior notice, affecting the overall learning experience.",negative
Placement opportunities are very low.,negative
Library resources are very limited.,negative
"No practical projects are assigned to students, making it hard to gain hands-on experience.",negative
Too much politics among staff.,negative
"Too much pressure on theory, no practical learning.",negative
Canteen food is unhygienic.,negative
Faculty behavior is very rude.,negative
Sports facilities are not maintained.,negative
Administration is very unresponsive.,negative
Canteen food is unhygienic.,negative
"Many classes get canceled without prior notice, affecting the overall learning experience.",negative
Faculty members don't bother explaining concepts in detail and just rush through the syllabus.,negative
"Many classes get canceled without prior notice, affecting the overall learning experience.",negative
Teaching methods are outdated.,negative
No practical exposure is given.,negative
The fees are too high compared to the quality of education and facilities provided by the college.,negative
"Too much pressure on theory, no practical learning.",negative
The fees are too high compared to the quality of education and facilities provided by the college.,negative
"Sports facilities are not maintained, and the playground is always in poor condition.",negative
Canteen food is unhygienic.,negative
Fees are too high for the quality of education.,negative
"The Wi-Fi never works properly, making it hard to access study materials online.",negative
Library resources are very limited.,negative
Management doesn't care about student feedback.,negative
"The transportation facilities are inadequate, with buses arriving late and no proper timetable.",negative
Canteen food is unhygienic.,negative
Lack of proper transportation facilities.,negative
Teaching methods are outdated.,negative
The fees are too high compared to the quality of education and facilities provided by the college.,negative
"Sports facilities are not maintained, and the playground is always in poor condition.",negative
Administration is very unresponsive.,negative
"Sports facilities are not maintained, and the playground is always in poor condition.",negative
Library resources are very limited.,negative
Administration is very unresponsive.,negative
Placement opportunities are very low.,negative
The college rarely organizes any cultural or technical events.,negative
"Placement opportunities are very low, and most companies that come for recruitment offer extremely low salary packages.",negative
Campus environment is not safe.,negative
There is no career counseling or guidance provided by the college.,negative
Sports facilities are not maintained.,negative
The fees are too high compared to the quality of education and facilities provided by the college.,negative
"The management is highly disorganized, with frequent changes in class schedules and exam dates.",negative
Administration is very unresponsive.,negative
"The Wi-Fi never works properly, making it hard to access study materials online.",negative
Exams are not conducted properly.,negative
Hostel facilities are terrible.,negative
The fees are too high compared to the quality of education and facilities provided by the college.,negative
The college rarely organizes any cultural or technical events.,negative
The fees are too high compared to the quality of education and facilities provided by the college.,negative
"Placement opportunities are very low, and most companies that come for recruitment offer extremely low salary packages.",negative
Too much politics among staff.,negative
Fees are too high for the quality of education.,negative
The college rarely organizes any cultural or technical events.,negative
"Sports facilities are not maintained, and the playground is always in poor condition.",negative
Faculty members don't bother explaining concepts in detail and just rush through the syllabus.,negative
"The faculty is not supportive at all, and they rarely respond to student queries. The syllabus is outdated and lacks practical exposure.",negative
Poor infrastructure and outdated labs.,negative
Teaching methods are outdated.,negative
Internship opportunities are not provided.,negative
"The transportation facilities are inadequate, with buses arriving late and no proper timetable.",negative
"Library resources are outdated, with many important reference books missing.",negative
"Many classes get canceled without prior notice, affecting the overall learning experience.",negative
Faculty members don't bother explaining concepts in detail and just rush through the syllabus.,negative
"Hostel facilities are terrible, with poor hygiene and lack of proper water supply. The food quality is below average.",negative
"Too much pressure on theory, no practical learning.",negative
The fees are too high compared to the quality of education and facilities provided by the college.,negative
"Hostel facilities are terrible, with poor hygiene and lack of proper water supply. The food quality is below average.",negative
"Many classes get canceled without prior notice, affecting the overall learning experience.",negative
"Internship opportunities are only given to students with connections, not based on merit.",negative
Lack of proper transportation facilities.,negative
"Too much pressure on theory, no practical learning.",negative
"Library resources are outdated, with many important reference books missing.",negative
The fees are too high compared to the quality of education and facilities provided by the college.,negative
Exams are not conducted properly.,negative
"The canteen food is unhygienic, and there are barely any options for healthy meals.",negative
"The canteen food is unhygienic, and there are barely any options for healthy meals.",negative
Internship opportunities are not provided.,negative
Administration is very unresponsive.,negative
Sports facilities are not maintained.,negative
"Hostel facilities are terrible, with poor hygiene and lack of proper water supply. The food quality is below average.",negative
Faculty members don't bother explaining concepts in detail and just rush through the syllabus.,negative
"Internship opportunities are only given to students with connections, not based on merit.",negative
"No practical projects are assigned to students, making it hard to gain hands-on experience.",negative
The fees are too high compared to the quality of education and facilities provided by the college.,negative
"Internship opportunities are only given to students with connections, not based on merit.",negative
Fees are too high for the quality of education.,negative
Hostel facilities are terrible.,negative
Too much politics among staff.,negative
"No practical projects are assigned to students, making it hard to gain hands-on experience.",negative
The college rarely organizes any cultural or technical events.,negative
The fees are too high compared to the quality of education and facilities provided by the college.,negative
"Hostel facilities are terrible, with poor hygiene and lack of proper water supply. The food quality is below average.",negative
"Internship opportunities are only given to students with connections, not based on merit.",negative
"There are no extracurricular activities, and the college only focuses on theoretical learning without any practical knowledge.",negative
The fees are too high compared to the quality of education and facilities provided by the college.,negative
Lack of proper transportation facilities.,negative
Faculty members don't bother explaining concepts in detail and just rush through the syllabus.,negative
There is no career counseling or guidance provided by the college.,negative
There is no career counseling or guidance provided by the college.,negative
Fees are too high for the quality of education.,negative
"Internship opportunities are only given to students with connections, not based on merit.",negative
"Sports facilities are not maintained, and the playground is always in poor condition.",negative
Campus environment is not safe.,negative
Internship opportunities are not provided.,negative
Campus environment is not safe.,negative
Faculty members don't bother explaining concepts in detail and just rush through the syllabus.,negative
"The faculty is not supportive at all, and they rarely respond to student queries. The syllabus is outdated and lacks practical exposure.",negative
"Too much pressure on theory, no practical learning.",negative
The fees are too high compared to the quality of education and facilities provided by the college.,negative
Hostel facilities are terrible.,negative
"Too much pressure on theory, no practical learning.",negative
"The campus environment feels unsafe, especially at night, due to poor security arrangements.",negative
"The management is highly disorganized, with frequent changes in class schedules and exam dates.",negative
"There are no extracurricular activities, and the college only focuses on theoretical learning without any practical knowledge.",negative
Faculty members don't bother explaining concepts in detail and just rush through the syllabus.,negative
There is no career counseling or guidance provided by the college.,negative
Faculty members don't bother explaining concepts in detail and just rush through the syllabus.,negative
"The canteen food is unhygienic, and there are barely any options for healthy meals.",negative
The faculty is not supportive at all.,negative
"The canteen food is unhygienic, and there are barely any options for healthy meals.",negative
"The faculty is not supportive at all, and they rarely respond to student queries. The syllabus is outdated and lacks practical exposure.",negative
No practical exposure is given.,negative
The college rarely organizes any cultural or technical events.,negative
"Many classes get canceled without prior notice, affecting the overall learning experience.",negative
Placement opportunities are very low.,negative
Poor infrastructure and outdated labs.,negative
There is no career counseling or guidance provided by the college.,negative
Poor infrastructure and outdated labs.,negative
The fees are too high compared to the quality of education and facilities provided by the college.,negative
"The management is highly disorganized, with frequent changes in class schedules and exam dates.",negative
The faculty is not supportive at all.,negative
Campus environment is not safe.,negative
Faculty behavior is very rude.,negative
"Placement opportunities are very low, and most companies that come for recruitment offer extremely low salary packages.",negative
Teaching methods are outdated.,negative
"Placement opportunities are very low, and most companies that come for recruitment offer extremely low salary packages.",negative
Fees are too high for the quality of education.,negative
"The canteen food is unhygienic, and there are barely any options for healthy meals.",negative
"Library resources are outdated, with many important reference books missing.",negative
"Internship opportunities are only given to students with connections, not based on merit.",negative
"Internship opportunities are only given to students with connections, not based on merit.",negative
"The canteen food is unhygienic, and there are barely any options for healthy meals.",negative
Exams are not conducted properly.,negative
"There are no extracurricular activities, and the college only focuses on theoretical learning without any practical knowledge.",negative
"The transportation facilities are inadequate, with buses arriving late and no proper timetable.",negative
Placement opportunities are very low.,negative
Management doesn't care about student feedback.,negative
"No practical projects are assigned to students, making it hard to gain hands-on experience.",negative
"Administration is very unresponsive, and any issues raised by students take months to get resolved. They hardly care about student welfare.",negative
"The faculty is not supportive at all, and they rarely respond to student queries. The syllabus is outdated and lacks practical exposure.",negative
"No practical projects are assigned to students, making it hard to gain hands-on experience.",negative
"The campus environment feels unsafe, especially at night, due to poor security arrangements.",negative
"The canteen food is unhygienic, and there are barely any options for healthy meals.",negative
Poor infrastructure with broken chairs and non-functional air conditioning in classrooms. The labs have old equipment that doesn't work properly.,negative
"Placement opportunities are very low, and most companies that come for recruitment offer extremely low salary packages.",negative
"Administration is very unresponsive, and any issues raised by students take months to get resolved. They hardly care about student welfare.",negative
Teaching methods are outdated.,negative
"The management is highly disorganized, with frequent changes in class schedules and exam dates.",negative
No extracurricular activities provided.,negative
No extracurricular activities provided.,negative
Management doesn't care about student feedback.,negative
Management doesn't care about student feedback.,negative
No extracurricular activities provided.,negative
"Administration is very unresponsive, and any issues raised by students take months to get resolved. They hardly care about student welfare.",negative
"Placement opportunities are very low, and most companies that come for recruitment offer extremely low salary packages.",negative
No practical exposure is given.,negative
Placement opportunities are very low.,negative
Too much politics among staff.,negative
Lack of proper transportation facilities.,negative
"The transportation facilities are inadequate, with buses arriving late and no proper timetable.",negative
The college rarely organizes any cultural or technical events.,negative
Canteen food is unhygienic.,negative
The faculty is not supportive at all.,negative
Internship opportunities are not provided.,negative
Faculty members don't bother explaining concepts in detail and just rush through the syllabus.,negative
Teaching methods are outdated.,negative
"The campus environment feels unsafe, especially at night, due to poor security arrangements.",negative
Management doesn't care about student feedback.,negative
Sports facilities are not maintained.,negative
"Library resources are outdated, with many important reference books missing.",negative
There is no career counseling or guidance provided by the college.,negative
The fees are too high compared to the quality of education and facilities provided by the college.,negative
Placement opportunities are very low.,negative
"No practical projects are assigned to students, making it hard to gain hands-on experience.",negative
Management doesn't care about student feedback.,negative
"The canteen serves average food, nothing special but not too bad either.",neutral
"Canteen food is average, not great but edible.",neutral
"Transport facilities are available, but buses often run late.",neutral
Campus life is average with limited recreational options.,neutral
Exam patterns are fair but sometimes delayed.,neutral
"Extracurricular activities happen occasionally, but the participation rate is low.",neutral
Library is decent but could be better.,neutral
College environment is neither too strict nor too free.,neutral
Hostel facilities are manageable.,neutral
"Fees are moderate, not too high or too low.",neutral
"Transport facilities are okay, but need improvement.",neutral
"Placements are moderate, with a few top companies visiting, but the majority offer average packages.",neutral
Sports facilities are there but not fully functional.,neutral
"Sports facilities are there, but not many students actively participate.",neutral
Sports facilities are there but not fully functional.,neutral
"Placements are moderate, with a few top companies visiting, but the majority offer average packages.",neutral
"Transport facilities are okay, but need improvement.",neutral
"Canteen food is average, not great but edible.",neutral
"The campus is okay, not too bad.",neutral
"Sports facilities are there, but not many students actively participate.",neutral
"Fees are moderate, not too high or too low.",neutral
Wi-Fi is available but not always reliable.,neutral
Security is present but could be better.,neutral
"Hostel facilities are manageable, but the food could be better.",neutral
"Security measures are in place, but more CCTV cameras could improve safety.",neutral
"Campus life is average, nothing extraordinary.",neutral
"Transport facilities are available, but buses often run late.",neutral
Hostel facilities are manageable.,neutral
"Transport facilities are okay, but need improvement.",neutral
"Internship opportunities are available, but only for selected students.",neutral
"Management is helpful at times, but not always responsive to student complaints.",neutral
"Sports facilities are there, but not many students actively participate.",neutral
"Transport facilities are okay, but need improvement.",neutral
Fees are neither too high nor too low compared to other colleges.,neutral
Wi-Fi is available but not always reliable.,neutral
Faculty members are knowledgeable but not very interactive during lectures.,neutral
"Fees are moderate, not too high or too low.",neutral
Classrooms are clean but lack proper ventilation.,neutral
Labs are functional but need more equipment.,neutral
"Transport facilities are okay, but need improvement.",neutral
Sports facilities are there but not fully functional.,neutral
Library facilities are satisfactory but could use more updated reference books.,neutral
Sports facilities are there but not fully functional.,neutral
Fees are neither too high nor too low compared to other colleges.,neutral
"Transport facilities are okay, but need improvement.",neutral
The campus is neither too bad nor too great. It has a decent infrastructure but needs improvement in some areas.,neutral
"Hostel facilities are manageable, but the food could be better.",neutral
The campus is neither too bad nor too great. It has a decent infrastructure but needs improvement in some areas.,neutral
Internship opportunities are there for top students.,neutral
Hostel facilities are manageable.,neutral
Security is present but could be better.,neutral
Sports facilities are there but not fully functional.,neutral
"Canteen food is average, not great but edible.",neutral
"Management is helpful at times, but not always responsive to student complaints.",neutral
"The canteen serves average food, nothing special but not too bad either.",neutral
"Transport facilities are okay, but need improvement.",neutral
Hostel facilities are manageable.,neutral
"Labs are functional, but some equipment needs maintenance.",neutral
Extracurricular activities are minimal but available.,neutral
"The canteen serves average food, nothing special but not too bad either.",neutral
"Management is sometimes helpful, sometimes not.",neutral
"Sports facilities are there, but not many students actively participate.",neutral
"Internship opportunities are available, but only for selected students.",neutral
"Exam schedules are usually followed, but sometimes there are delays.",neutral
"Sports facilities are there, but not many students actively participate.",neutral
Exam patterns are fair but sometimes delayed.,neutral
"Management is helpful at times, but not always responsive to student complaints.",neutral
"Wi-Fi is available but not always reliable, especially during peak hours.",neutral
"Infrastructure is decent, but the labs need more modern equipment.",neutral
Classrooms are clean but lack proper ventilation.,neutral
"Faculty is average, some are good, some are not.",neutral
Infrastructure is not the best but not the worst either.,neutral
"Management is helpful at times, but not always responsive to student complaints.",neutral
"Exam schedules are usually followed, but sometimes there are delays.",neutral
College environment is neither too strict nor too free.,neutral
Labs are functional but need more equipment.,neutral
"Transport facilities are available, but buses often run late.",neutral
"Placements are moderate, with a few top companies visiting, but the majority offer average packages.",neutral
College environment is neither too strict nor too free.,neutral
Infrastructure is not the best but not the worst either.,neutral
Cultural events happen occasionally.,neutral
"Hostel facilities are manageable, but the food could be better.",neutral
"Transport facilities are available, but buses often run late.",neutral
"Fees are moderate, not too high or too low.",neutral
"Faculty is average, some are good, some are not.",neutral
Labs are functional but need more equipment.,neutral
"Transport facilities are available, but buses often run late.",neutral
"Security measures are in place, but more CCTV cameras could improve safety.",neutral
Exam patterns are fair but sometimes delayed.,neutral
"Management is sometimes helpful, sometimes not.",neutral
Library facilities are satisfactory but could use more updated reference books.,neutral
Library is decent but could be better.,neutral
"Infrastructure is decent, but the labs need more modern equipment.",neutral
Classrooms are clean but lack proper ventilation.,neutral
Classrooms are clean but lack proper ventilation.,neutral
"The canteen serves average food, nothing special but not too bad either.",neutral
"Faculty is average, some are good, some are not.",neutral
Faculty members are knowledgeable but not very interactive during lectures.,neutral
"Security measures are in place, but more CCTV cameras could improve safety.",neutral
"Transport facilities are okay, but need improvement.",neutral
"Sports facilities are there, but not many students actively participate.",neutral
"Internship opportunities are available, but only for selected students.",neutral
"Security measures are in place, but more CCTV cameras could improve safety.",neutral
"Wi-Fi is available but not always reliable, especially during peak hours.",neutral
Extracurricular activities are minimal but available.,neutral
Exam patterns are fair but sometimes delayed.,neutral
"Security measures are in place, but more CCTV cameras could improve safety.",neutral
Faculty members are knowledgeable but not very interactive during lectures.,neutral
"Management is helpful at times, but not always responsive to student complaints.",neutral
Cultural events happen once or twice a year with moderate participation.,neutral
"Management is helpful at times, but not always responsive to student complaints.",neutral
Classrooms are clean but lack proper ventilation.,neutral
"Sports facilities are there, but not many students actively participate.",neutral
"Management is sometimes helpful, sometimes not.",neutral
Infrastructure is not the best but not the worst either.,neutral
"Fees are moderate, not too high or too low.",neutral
"The canteen serves average food, nothing special but not too bad either.",neutral
"Hostel facilities are manageable, but the food could be better.",neutral
"Transport facilities are available, but buses often run late.",neutral
Classrooms are clean but lack proper ventilation.,neutral
"Security measures are in place, but more CCTV cameras could improve safety.",neutral
"Management is helpful at times, but not always responsive to student complaints.",neutral
"Fees are moderate, not too high or too low.",neutral
"Fees are moderate, not too high or too low.",neutral
"Extracurricular activities happen occasionally, but the participation rate is low.",neutral
Hostel facilities are manageable.,neutral
"Placements are moderate, with a few top companies visiting, but the majority offer average packages.",neutral
Placements are fine if you have good marks.,neutral
Faculty members are knowledgeable but not very interactive during lectures.,neutral
Wi-Fi is available but not always reliable.,neutral
Hostel facilities are manageable.,neutral
"Internship opportunities are available, but only for selected students.",neutral
"Exam schedules are usually followed, but sometimes there are delays.",neutral
Labs are functional but need more equipment.,neutral
"Placements are moderate, with a few top companies visiting, but the majority offer average packages.",neutral
Wi-Fi is available but not always reliable.,neutral
"The canteen serves average food, nothing special but not too bad either.",neutral
Library is decent but could be better.,neutral
"Exam schedules are usually followed, but sometimes there are delays.",neutral
Hostel facilities are manageable.,neutral
Wi-Fi is available but not always reliable.,neutral
Sports facilities are there but not fully functional.,neutral
Labs are functional but need more equipment.,neutral
"Labs are functional, but some equipment needs maintenance.",neutral
College environment is neither too strict nor too free.,neutral
"Management is sometimes helpful, sometimes not.",neutral
"Faculty is average, some are good, some are not.",neutral
Placements are fine if you have good marks.,neutral
"Faculty is average, some are good, some are not.",neutral
"Hostel facilities are manageable, but the food could be better.",neutral
"Placements are moderate, with a few top companies visiting, but the majority offer average packages.",neutral
"Exam schedules are usually followed, but sometimes there are delays.",neutral
"Transport facilities are okay, but need improvement.",neutral
Infrastructure is not the best but not the worst either.,neutral
Cultural events happen once or twice a year with moderate participation.,neutral
Security is present but could be better.,neutral
Sports facilities are there but not fully functional.,neutral
"The canteen serves average food, nothing special but not too bad either.",neutral
"Transport facilities are okay, but need improvement.",neutral
"Hostel facilities are manageable, but the food could be better.",neutral
"Sports facilities are there, but not many students actively participate.",neutral
Faculty members are knowledgeable but not very interactive during lectures.,neutral
Hostel facilities are manageable.,neutral
The campus is neither too bad nor too great. It has a decent infrastructure but needs improvement in some areas.,neutral
Cultural events happen occasionally.,neutral
"Fees are moderate, not too high or too low.",neutral
"Transport facilities are okay, but need improvement.",neutral
The campus is neither too bad nor too great. It has a decent infrastructure but needs improvement in some areas.,neutral
Cultural events happen occasionally.,neutral
"Hostel facilities are manageable, but the food could be better.",neutral
Hostel facilities are manageable.,neutral
Internship opportunities are there for top students.,neutral
Campus life is average with limited recreational options.,neutral
Wi-Fi is available but not always reliable.,neutral
"Transport facilities are available, but buses often run late.",neutral
Internship opportunities are there for top students.,neutral
"Transport facilities are okay, but need improvement.",neutral
"Wi-Fi is available but not always reliable, especially during peak hours.",neutral
"Infrastructure is decent, but the labs need more modern equipment.",neutral
"Hostel facilities are manageable, but the food could be better.",neutral
Labs are functional but need more equipment.,neutral
Library is decent but could be better.,neutral
"Faculty is average, some are good, some are not.",neutral
Wi-Fi is available but not always reliable.,neutral
"Infrastructure is decent, but the labs need more modern equipment.",neutral
Exam patterns are fair but sometimes delayed.,neutral
Cultural events happen occasionally.,neutral
"Transport facilities are okay, but need improvement.",neutral
Library is decent but could be better.,neutral
"Sports facilities are there, but not many students actively participate.",neutral
Library facilities are satisfactory but could use more updated reference books.,neutral
The campus is neither too bad nor too great. It has a decent infrastructure but needs improvement in some areas.,neutral
"Campus life is average, nothing extraordinary.",neutral
"Faculty is average, some are good, some are not.",neutral
Placements are fine if you have good marks.,neutral
"Wi-Fi is available but not always reliable, especially during peak hours.",neutral
Library is decent but could be better.,neutral
"Security measures are in place, but more CCTV cameras could improve safety.",neutral
"Management is sometimes helpful, sometimes not.",neutral
Labs are functional but need more equipment.,neutral
"Sports facilities are there, but not many students actively participate.",neutral
Faculty members are knowledgeable but not very interactive during lectures.,neutral
Sports facilities are there but not fully functional.,neutral
"Faculty is average, some are good, some are not.",neutral
Faculty members are knowledgeable but not very interactive during lectures.,neutral
"Management is sometimes helpful, sometimes not.",neutral
Campus life is average with limited recreational options.,neutral
Labs are functional but need more equipment.,neutral
"Hostel facilities are manageable, but the food could be better.",neutral
Extracurricular activities are minimal but available.,neutral
Labs are functional but need more equipment.,neutral
College environment is neither too strict nor too free.,neutral
Extracurricular activities are minimal but available.,neutral
Classrooms are clean but lack proper ventilation.,neutral
"Transport facilities are available, but buses often run late.",neutral
Cultural events happen occasionally.,neutral
Library is decent but could be better.,neutral
Cultural events happen once or twice a year with moderate participation.,neutral
"Hostel facilities are manageable, but the food could be better.",neutral
"Management is sometimes helpful, sometimes not.",neutral
"Management is helpful at times, but not always responsive to student complaints.",neutral
"Hostel facilities are manageable, but the food could be better.",neutral
Sports facilities are there but not fully functional.,neutral
Sports facilities are there but not fully functional.,neutral
Cultural events happen once or twice a year with moderate participation.,neutral
"Sports facilities are there, but not many students actively participate.",neutral
Extracurricular activities are minimal but available.,neutral
Cultural events happen occasionally.,neutral
"Labs are functional, but some equipment needs maintenance.",neutral
"Sports facilities are there, but not many students actively participate.",neutral
Hostel facilities are manageable.,neutral
"Extracurricular activities happen occasionally, but the participation rate is low.",neutral
Wi-Fi is available but not always reliable.,neutral
"Exam schedules are usually followed, but sometimes there are delays.",neutral
Cultural events happen once or twice a year with moderate participation.,neutral
Hostel facilities are manageable.,neutral
Security is present but could be better.,neutral
Exam patterns are fair but sometimes delayed.,neutral
"Security measures are in place, but more CCTV cameras could improve safety.",neutral
Exam patterns are fair but sometimes delayed.,neutral
"Exam schedules are usually followed, but sometimes there are delays.",neutral
"Transport facilities are available, but buses often run late.",neutral
"Internship opportunities are available, but only for selected students.",neutral
Cultural events happen occasionally.,neutral
College environment is neither too strict nor too free.,neutral
Library is decent but could be better.,neutral
Library facilities are satisfactory but could use more updated reference books.,neutral
"Wi-Fi is available but not always reliable, especially during peak hours.",neutral
Internship opportunities are there for top students.,neutral
Internship opportunities are there for top students.,neutral
Hostel facilities are manageable.,neutral
"Wi-Fi is available but not always reliable, especially during peak hours.",neutral
Infrastructure is not the best but not the worst either.,neutral
Fees are neither too high nor too low compared to other colleges.,neutral
Hostel facilities are manageable.,neutral
"Hostel facilities are manageable, but the food could be better.",neutral
Cultural events happen once or twice a year with moderate participation.,neutral
"Campus life is average, nothing extraordinary.",neutral
"The canteen serves average food, nothing special but not too bad either.",neutral
Labs are functional but need more equipment.,neutral
Labs are functional but need more equipment.,neutral
Internship opportunities are there for top students.,neutral
Library facilities are satisfactory but could use more updated reference books.,neutral
"Internship opportunities are available, but only for selected students.",neutral
"Management is sometimes helpful, sometimes not.",neutral
"Transport facilities are available, but buses often run late.",neutral
Cultural events happen once or twice a year with moderate participation.,neutral
Wi-Fi is available but not always reliable.,neutral
"Exam schedules are usually followed, but sometimes there are delays.",neutral
Exam patterns are fair but sometimes delayed.,neutral
"The campus is okay, not too bad.",neutral
"Transport facilities are available, but buses often run late.",neutral
"Hostel facilities are manageable, but the food could be better.",neutral
"Internship opportunities are available, but only for selected students.",neutral
Cultural events happen once or twice a year with moderate participation.,neutral
Campus life is average with limited recreational options.,neutral
Cultural events happen occasionally.,neutral
"Management is helpful at times, but not always responsive to student complaints.",neutral
Extracurricular activities are minimal but available.,neutral
Classrooms are clean but lack proper ventilation.,neutral
"Management is helpful at times, but not always responsive to student complaints.",neutral
Extracurricular activities are minimal but available.,neutral
"Infrastructure is decent, but the labs need more modern equipment.",neutral
Faculty members are knowledgeable but not very interactive during lectures.,neutral
"Sports facilities are there, but not many students actively participate.",neutral
Exam patterns are fair but sometimes delayed.,neutral
"Internship opportunities are available, but only for selected students.",neutral
"The campus is okay, not too bad.",neutral
"Exam schedules are usually followed, but sometimes there are delays.",neutral
"Transport facilities are available, but buses often run late.",neutral
"Sports facilities are there, but not many students actively participate.",neutral
Campus life is average with limited recreational options.,neutral
Sports facilities are there but not fully functional.,neutral
Fees are neither too high nor too low compared to other colleges.,neutral
"Labs are functional, but some equipment needs maintenance.",neutral
Cultural events happen occasionally.,neutral
"Placements are moderate, with a few top companies visiting, but the majority offer average packages.",neutral
Campus life is average with limited recreational options.,neutral
"Labs are functional, but some equipment needs maintenance.",neutral
"Sports facilities are there, but not many students actively participate.",neutral
Management is very helpful.,positive
Affordable fees with quality education.,positive
Great internship opportunities for students.,positive
Workshops and guest lectures are organized frequently to enhance student knowledge.,positive
The college has excellent security measures with CCTV cameras installed everywhere.,positive
"Sports facilities are top-notch, with regular tournaments and coaching provided.",positive
Extracurricular activities are highly encouraged with many active student clubs.,positive
Workshops and guest lectures are organized frequently to enhance student knowledge.,positive
The college has excellent security measures with CCTV cameras installed everywhere.,positive
Management is very helpful.,positive
The administration is very responsive and always ready to help students with their concerns.,positive
Faculty members are highly experienced.,positive
Wi-Fi facilities are reliable.,positive
Modern teaching methods are followed.,positive
Affordable fees with quality education.,positive
Workshops and guest lectures are organized frequently to enhance student knowledge.,positive
Workshops and guest lectures are organized frequently to enhance student knowledge.,positive
Affordable fees with quality education.,positive
"The campus environment is very positive, with lots of greenery and well-maintained facilities.",positive
Wi-Fi is available 24/7 and provides high-speed internet for students.,positive
Hostel facilities are well maintained.,positive
"The campus environment is very positive, with lots of greenery and well-maintained facilities.",positive
College encourages extracurricular activities.,positive
Extracurricular activities are highly encouraged with many active student clubs.,positive
Sports facilities are very good.,positive
Transport facilities are well-organized with punctual bus services.,positive
Excellent faculty with highly supportive staff who always help students understand concepts in detail.,positive
"Internship opportunities are provided to all students, helping them gain practical knowledge.",positive
Sports facilities are very good.,positive
Excellent faculty and supportive staff.,positive
Excellent faculty and supportive staff.,positive
Student clubs are very active.,positive
Sports facilities are very good.,positive
Wi-Fi is available 24/7 and provides high-speed internet for students.,positive
Modern teaching methods are followed.,positive
Good exposure to practical knowledge.,positive
Student clubs are very active.,positive
Workshops and guest lectures are organized frequently to enhance student knowledge.,positive
"Cultural events happen frequently, giving students opportunities to showcase their talents.",positive
Great placement opportunities with top companies visiting every year and offering good packages.,positive
Faculty members are highly experienced.,positive
"Sports facilities are top-notch, with regular tournaments and coaching provided.",positive
"Sports facilities are top-notch, with regular tournaments and coaching provided.",positive
"Internship opportunities are provided to all students, helping them gain practical knowledge.",positive
Workshops and guest lectures are organized frequently to enhance student knowledge.,positive
Placements are really good with top companies.,positive
Campus environment is very positive.,positive
The college provides career counseling sessions to help students plan their future.,positive
Campus life is vibrant with a perfect balance of academics and fun activities.,positive
Great internship opportunities for students.,positive
Wi-Fi is available 24/7 and provides high-speed internet for students.,positive
Transport facilities are well-organized with punctual bus services.,positive
"Hostel rooms are spacious, clean, and well-maintained with regular housekeeping services.",positive
Transport facilities are well organized.,positive
"Cultural events happen frequently, giving students opportunities to showcase their talents.",positive
Excellent faculty with highly supportive staff who always help students understand concepts in detail.,positive
Modern teaching methods are followed.,positive
Student clubs are very active.,positive
Campus life is vibrant with a perfect balance of academics and fun activities.,positive
Good exposure to practical knowledge.,positive
Transport facilities are well-organized with punctual bus services.,positive
"The library is equipped with the latest books, journals, and online resources.",positive
The faculty is highly experienced and always motivates students to perform better.,positive
Modern teaching methods like smart classrooms and interactive sessions are followed.,positive
Modern teaching methods like smart classrooms and interactive sessions are followed.,positive
Transport facilities are well organized.,positive
Cultural events are vibrant and frequent.,positive
Placements are really good with top companies.,positive
Campus life is vibrant with a perfect balance of academics and fun activities.,positive
The faculty is highly experienced and always motivates students to perform better.,positive
"The library is equipped with the latest books, journals, and online resources.",positive
The faculty is highly experienced and always motivates students to perform better.,positive
Cultural events are vibrant and frequent.,positive
Library resources are excellent and updated.,positive
Wi-Fi facilities are reliable.,positive
"The library is equipped with the latest books, journals, and online resources.",positive
The faculty is highly experienced and always motivates students to perform better.,positive
Faculty members are highly experienced.,positive
The college has excellent security measures with CCTV cameras installed everywhere.,positive
Campus life is vibrant with a perfect balance of academics and fun activities.,positive
Great placement opportunities with top companies visiting every year and offering good packages.,positive
Affordable fees with quality education.,positive
Affordable fees with excellent quality education make the college worth joining.,positive
Hostel facilities are well maintained.,positive
The administration is very responsive and always ready to help students with their concerns.,positive
Transport facilities are well organized.,positive
Modern teaching methods are followed.,positive
The faculty is highly experienced and always motivates students to perform better.,positive
Faculty members are highly experienced.,positive
Excellent faculty and supportive staff.,positive
Workshops and guest lectures are organized frequently to enhance student knowledge.,positive
Great placement opportunities with top companies visiting every year and offering good packages.,positive
Transport facilities are well organized.,positive
The college has excellent security measures with CCTV cameras installed everywhere.,positive
Good exposure to practical knowledge.,positive
The faculty is highly experienced and always motivates students to perform better.,positive
Campus life is vibrant with a perfect balance of academics and fun activities.,positive
Campus environment is very positive.,positive
Workshops and guest lectures are organized frequently to enhance student knowledge.,positive
Hostel facilities are well maintained.,positive
"Sports facilities are top-notch, with regular tournaments and coaching provided.",positive
"Sports facilities are top-notch, with regular tournaments and coaching provided.",positive
Affordable fees with quality education.,positive
The canteen serves hygienic and tasty food with multiple options for students.,positive
The canteen serves hygienic and tasty food with multiple options for students.,positive
Good security measures are taken.,positive
The college provides career counseling sessions to help students plan their future.,positive
Hostel facilities are well maintained.,positive
Wi-Fi is available 24/7 and provides high-speed internet for students.,positive
Affordable fees with excellent quality education make the college worth joining.,positive
Excellent faculty and supportive staff.,positive
Transport facilities are well-organized with punctual bus services.,positive
Excellent faculty and supportive staff.,positive
The canteen serves hygienic and tasty food with multiple options for students.,positive
Wi-Fi is available 24/7 and provides high-speed internet for students.,positive
Affordable fees with quality education.,positive
The administration is very responsive and always ready to help students with their concerns.,positive
Excellent faculty and supportive staff.,positive
Infrastructure is top-notch.,positive
College encourages extracurricular activities.,positive
Faculty members are highly experienced.,positive
The canteen serves hygienic and tasty food with multiple options for students.,positive
Excellent faculty with highly supportive staff who always help students understand concepts in detail.,positive
"The library is equipped with the latest books, journals, and online resources.",positive
"Internship opportunities are provided to all students, helping them gain practical knowledge.",positive
Excellent faculty with highly supportive staff who always help students understand concepts in detail.,positive
The college has excellent security measures with CCTV cameras installed everywhere.,positive
Excellent faculty with highly supportive staff who always help students understand concepts in detail.,positive
Excellent faculty with highly supportive staff who always help students understand concepts in detail.,positive
Hostel facilities are well maintained.,positive
The college provides career counseling sessions to help students plan their future.,positive
Cultural events are vibrant and frequent.,positive
Wi-Fi is available 24/7 and provides high-speed internet for students.,positive
Faculty members are highly experienced.,positive
"The library is equipped with the latest books, journals, and online resources.",positive
"Sports facilities are top-notch, with regular tournaments and coaching provided.",positive
"Cultural events happen frequently, giving students opportunities to showcase their talents.",positive
Great internship opportunities for students.,positive
"The library is equipped with the latest books, journals, and online resources.",positive
The college provides career counseling sessions to help students plan their future.,positive
The college has excellent security measures with CCTV cameras installed everywhere.,positive
Workshops and guest lectures are organized frequently to enhance student knowledge.,positive
Affordable fees with quality education.,positive
Excellent faculty with highly supportive staff who always help students understand concepts in detail.,positive
The college has excellent security measures with CCTV cameras installed everywhere.,positive
The college provides career counseling sessions to help students plan their future.,positive
The college provides career counseling sessions to help students plan their future.,positive
Affordable fees with excellent quality education make the college worth joining.,positive
Great placement opportunities with top companies visiting every year and offering good packages.,positive
Modern teaching methods are followed.,positive
Modern teaching methods are followed.,positive
Cultural events are vibrant and frequent.,positive
The canteen serves hygienic and tasty food with multiple options for students.,positive
"Cultural events happen frequently, giving students opportunities to showcase their talents.",positive
Wi-Fi facilities are reliable.,positive
Transport facilities are well organized.,positive
College encourages extracurricular activities.,positive
Modern teaching methods like smart classrooms and interactive sessions are followed.,positive
Wi-Fi facilities are reliable.,positive
Cultural events are vibrant and frequent.,positive
Affordable fees with excellent quality education make the college worth joining.,positive
College encourages extracurricular activities.,positive
"Hostel rooms are spacious, clean, and well-maintained with regular housekeeping services.",positive
Workshops and guest lectures are organized frequently to enhance student knowledge.,positive
Cultural events are vibrant and frequent.,positive
Placements are really good with top companies.,positive
The administration is very responsive and always ready to help students with their concerns.,positive
"Internship opportunities are provided to all students, helping them gain practical knowledge.",positive
Great internship opportunities for students.,positive
"The campus environment is very positive, with lots of greenery and well-maintained facilities.",positive
"The library is equipped with the latest books, journals, and online resources.",positive
The canteen serves hygienic and tasty food with multiple options for students.,positive
Hostel facilities are well maintained.,positive
Workshops and guest lectures are organized frequently to enhance student knowledge.,positive
Extracurricular activities are highly encouraged with many active student clubs.,positive
Workshops and guest lectures are organized frequently to enhance student knowledge.,positive
Infrastructure is top-notch.,positive
Good security measures are taken.,positive
"Hostel rooms are spacious, clean, and well-maintained with regular housekeeping services.",positive
Sports facilities are very good.,positive
"The library is equipped with the latest books, journals, and online resources.",positive
Excellent faculty with highly supportive staff who always help students understand concepts in detail.,positive
Faculty members are highly experienced.,positive
Wi-Fi facilities are reliable.,positive
Workshops and guest lectures are organized frequently to enhance student knowledge.,positive
The college provides career counseling sessions to help students plan their future.,positive
Transport facilities are well organized.,positive
Sports facilities are very good.,positive
"The library is equipped with the latest books, journals, and online resources.",positive
Sports facilities are very good.,positive
Modern teaching methods like smart classrooms and interactive sessions are followed.,positive
"Hostel rooms are spacious, clean, and well-maintained with regular housekeeping services.",positive
Sports facilities are very good.,positive
Affordable fees with quality education.,positive
"Internship opportunities are provided to all students, helping them gain practical knowledge.",positive
Extracurricular activities are highly encouraged with many active student clubs.,positive
Excellent faculty with highly supportive staff who always help students understand concepts in detail.,positive
The college has excellent security measures with CCTV cameras installed everywhere.,positive
Student clubs are very active.,positive
Transport facilities are well-organized with punctual bus services.,positive
The administration is very responsive and always ready to help students with their concerns.,positive
"Internship opportunities are provided to all students, helping them gain practical knowledge.",positive
"Hostel rooms are spacious, clean, and well-maintained with regular housekeeping services.",positive
Excellent faculty with highly supportive staff who always help students understand concepts in detail.,positive
Campus life is vibrant with a perfect balance of academics and fun activities.,positive
"Sports facilities are top-notch, with regular tournaments and coaching provided.",positive
The college provides career counseling sessions to help students plan their future.,positive
"Sports facilities are top-notch, with regular tournaments and coaching provided.",positive
College encourages extracurricular activities.,positive
Great internship opportunities for students.,positive
Good security measures are taken.,positive
Canteen food is hygienic and tasty.,positive
Canteen food is hygienic and tasty.,positive
Campus environment is very positive.,positive
Hostel facilities are well maintained.,positive
The college provides career counseling sessions to help students plan their future.,positive
Good exposure to practical knowledge.,positive
College encourages extracurricular activities.,positive
"Internship opportunities are provided to all students, helping them gain practical knowledge.",positive
Management is very helpful.,positive
Placements are really good with top companies.,positive
The college has excellent security measures with CCTV cameras installed everywhere.,positive
"The campus environment is very positive, with lots of greenery and well-maintained facilities.",positive
Faculty members are highly experienced.,positive
The college has excellent security measures with CCTV cameras installed everywhere.,positive
Affordable fees with quality education.,positive
Wi-Fi is available 24/7 and provides high-speed internet for students.,positive
Affordable fees with excellent quality education make the college worth joining.,positive
The college has excellent security measures with CCTV cameras installed everywhere.,positive
The college has excellent security measures with CCTV cameras installed everywhere.,positive
College encourages extracurricular activities.,positive
Wi-Fi is available 24/7 and provides high-speed internet for students.,positive
Faculty members are highly experienced.,positive
Great placement opportunities with top companies visiting every year and offering good packages.,positive
Great placement opportunities with top companies visiting every year and offering good packages.,positive
The administration is very responsive and always ready to help students with their concerns.,positive
The faculty is highly experienced and always motivates students to perform better.,positive
"The campus environment is very positive, with lots of greenery and well-maintained facilities.",positive
Modern teaching methods are followed.,positive
Wi-Fi facilities are reliable.,positive
Modern teaching methods are followed.,positive
Sports facilities are very good.,positive
Placements are really good with top companies.,positive
Infrastructure is top-notch.,positive
The canteen serves hygienic and tasty food with multiple options for students.,positive
Wi-Fi facilities are reliable.,positive
Great placement opportunities with top companies visiting every year and offering good packages.,positive
Good exposure to practical knowledge.,positive
Cultural events are vibrant and frequent.,positive
Modern teaching methods are followed.,positive
Good security measures are taken.,positive
Excellent faculty with highly supportive staff who always help students understand concepts in detail.,positive
"Hostel rooms are spacious, clean, and well-maintained with regular housekeeping services.",positive
The faculty is highly experienced and always motivates students to perform better.,positive
The administration is very responsive and always ready to help students with their concerns.,positive
"Hostel rooms are spacious, clean, and well-maintained with regular housekeeping services.",positive
The college has excellent security measures with CCTV cameras installed everywhere.,positive
Placements are really good with top companies.,positive
The canteen serves hygienic and tasty food with multiple options for students.,positive
"Sports facilities are top-notch, with regular tournaments and coaching provided.",positive
Affordable fees with quality education.,positive
"Sports facilities are top-notch, with regular tournaments and coaching provided.",positive
The administration is very responsive and always ready to help students with their concerns.,positive
Excellent faculty and supportive staff.,positive
Extracurricular activities are highly encouraged with many active student clubs.,positive
Excellent faculty with highly supportive staff who always help students understand concepts in detail.,positive
Excellent faculty with highly supportive staff who always help students understand concepts in detail.,positive
The college has excellent security measures with CCTV cameras installed everywhere.,positive
Cultural events are vibrant and frequent.,positive
Cultural events are vibrant and frequent.,positive
Student clubs are very active.,positive
"Hostel rooms are spacious, clean, and well-maintained with regular housekeeping services.",positive
Library resources are excellent and updated.,positive
Excellent faculty with highly supportive staff who always help students understand concepts in detail.,positive
Wi-Fi facilities are reliable.,positive
The college provides career counseling sessions to help students plan their future.,positive
Wi-Fi is available 24/7 and provides high-speed internet for students.,positive
Extracurricular activities are highly encouraged with many active student clubs.,positive
Good exposure to practical knowledge.,positive
Affordable fees with excellent quality education make the college worth joining.,positive
Management is very helpful.,positive
Cultural events are vibrant and frequent.,positive
Affordable fees with quality education.,positive
Extracurricular activities are highly encouraged with many active student clubs.,positive
"Internship opportunities are provided to all students, helping them gain practical knowledge.",positive
Library resources are excellent and updated.,positive
"Internship opportunities are provided to all students, helping them gain practical knowledge.",positive
Faculty members are highly experienced.,positive
Great internship opportunities for students.,positive
The faculty is highly experienced and always motivates students to perform better.,positive
Placements are really good with top companies.,positive
"The campus environment is very positive, with lots of greenery and well-maintained facilities.",positive
College encourages extracurricular activities.,positive
Good security measures are taken.,positive
Campus life is vibrant with a perfect balance of academics and fun activities.,positive
Cultural events are vibrant and frequent.,positive
Placements are really good with top companies.,positive
The canteen serves hygienic and tasty food with multiple options for students.,positive
Canteen food is hygienic and tasty.,positive
Workshops and guest lectures are organized frequently to enhance student knowledge.,positive
